query,portfolio_mode,index,scalar_name,scalar_family,graph_mode,elapsed_s,heap_pops,expanded_nodes,edge_scans,route_found,L,H,avg_pop,avg_width,road_changes,elementary,repeated_vertex_count,feasible,normalized_violation_score
paris_bures,adaptive,1,shortest_length,physical_length,full,0.06045820000144886,20179,19116,39000,True,24973.0,337.70000053942204,200.7284267008369,16.52785007808433,66,True,0,False,1.0054
paris_bures,adaptive,2,pop_width_reference,hinge,full,0.09778760000335751,17521,16532,33754,True,30157.0,358.9000013694167,212.90343867095532,14.247106807706336,87,True,0,False,0.41099998630583284
paris_bures,adaptive,3,hinge_width_strong,hinge,full,0.0888621999984025,16207,15221,31102,True,30818.0,356.0000019222498,188.82662729573624,13.282010513336362,91,True,0,False,0.4399999807775021
paris_bures,adaptive,4,hinge_width_very_strong,hinge,full,0.08560489999945275,15455,14496,29613,True,31301.0,366.8000017479062,188.12280757803265,13.339509919810869,89,True,0,False,0.33199998252093793
paris_bures,adaptive,5,hinge_pop_strong,hinge,full,0.09766819999640575,17621,16571,33856,True,30031.0,348.70000068843365,215.1658286437348,14.397622456794645,84,True,0,False,0.5129999931156636
paris_bures,adaptive,6,hinge_pop_very_strong,hinge,full,0.10755739999876823,18834,17745,36323,True,30372.0,350.50000062584877,218.338864743843,14.835703937837481,88,True,0,False,0.4949999937415123
paris_bures,adaptive,7,hinge_balanced_strong,hinge,full,0.08786310000141384,15927,14904,30441,True,30106.0,351.50000078231096,214.53275094665514,14.358101375141167,83,True,0,False,0.4849999921768904
paris_bures,adaptive,8,hinge_low_length_pressure,hinge,full,0.08736620000127004,15603,14581,29847,True,30180.0,355.7000011280179,213.67309476474486,14.279489728296886,86,True,0,False,0.442999988719821
paris_bures,adaptive,9,hinge_medium_length_pressure,hinge,full,0.09672549999959301,17389,16359,33400,True,30031.0,348.70000068843365,215.1658286437348,14.397622456794645,84,True,0,False,0.5129999931156636
paris_bures,adaptive,10,hinge_high_length_pressure,hinge,full,0.09929769999871496,17940,16934,34563,True,26030.0,318.70000087469816,207.47353054168266,15.70553207837111,73,True,0,False,0.8129999912530184
paris_bures,adaptive,11,width_linear_mild,width_linear,full,0.11874460000399267,19017,18007,36742,True,25513.0,336.3000006452203,178.33430016070238,14.277623172500293,85,True,0,False,0.8974
paris_bures,adaptive,12,width_linear_strong,width_linear,full,0.11137770000641467,18022,17004,34696,True,26755.0,340.9000019878149,187.679835544758,13.620818538590918,91,True,0,False,0.649
paris_bures,adaptive,13,pop_complement_mild,pop_complement,full,0.09382449999975506,20368,19301,39319,True,25130.0,346.0000010430813,218.87369677676085,17.974930362116993,63,True,0,False,0.974
paris_bures,adaptive,14,pop_complement_strong,pop_complement,full,0.08465270000306191,18486,17472,35659,True,25681.0,318.60000072419643,216.5632179432265,15.708889840738289,79,True,0,False,0.8638
paris_bures,adaptive,15,low_elevation_mild,low_elevation,full,0.11774609999702079,20253,19187,39152,True,24980.0,329.0000005811453,205.330904723779,17.068454763811047,64,True,0,False,1.004
paris_bures,adaptive,16,low_elevation_strong,low_elevation,full,0.11820879999868339,20423,19348,39465,True,24980.0,329.0000005811453,205.330904723779,17.068454763811047,64,True,0,False,1.004
paris_bures,adaptive,17,low_elevation_with_width_pop,low_elevation,full,0.10055979999742704,17585,16587,33872,True,30103.0,356.4000009819865,213.89884729096767,14.30721190579012,84,True,0,False,0.4359999901801348
paris_bures,adaptive,18,high_elevation_weak_length,high_elevation,full,0.11800579999544425,20027,18985,38723,True,24973.0,337.70000053942204,200.7284267008369,16.52785007808433,66,True,0,False,1.0054
paris_bures,adaptive,19,high_elevation_medium_length,high_elevation,full,0.11685420000139857,20039,19005,38764,True,24973.0,337.70000053942204,200.7284267008369,16.52785007808433,66,True,0,False,1.0054
paris_bures,adaptive,20,high_elevation_strong_length,high_elevation,full,0.11757349999970756,20096,19048,38855,True,24973.0,337.70000053942204,200.7284267008369,16.52785007808433,66,True,0,False,1.0054
paris_bures,adaptive,21,high_elevation_width,high_elevation,full,0.10534989999723621,17999,16991,34659,True,27777.0,358.4000024572015,153.54789934118156,13.777225762321345,87,True,0,False,0.4446
paris_bures,adaptive,22,high_elevation_pop,high_elevation,full,0.11852650000219,20125,19060,38817,True,25130.0,346.0000010430813,218.87369677676085,17.974930362116993,63,True,0,False,0.974
paris_bures,adaptive,23,high_elevation_width_pop,high_elevation,full,0.1040385000014794,17772,16769,34232,True,26030.0,318.70000087469816,207.47353054168266,15.70553207837111,73,True,0,False,0.8129999912530184
paris_bures,adaptive,24,slope_inverse_beta_5,nonlinear_high_elevation,full,0.11732299999857787,19985,18933,38613,True,24973.0,337.70000053942204,200.7284267008369,16.52785007808433,66,True,0,False,1.0054
paris_bures,adaptive,25,slope_inverse_beta_12_width_pop,nonlinear_high_elevation,full,0.10251309999875957,17355,16352,33388,True,30177.0,360.60000132769346,213.04066010537827,14.228717234980284,87,True,0,False,0.39399998672306535
paris_bures,adaptive,26,slope_exp_beta_150_width,nonlinear_high_elevation,full,0.10603850000188686,18215,16864,34364,True,29768.0,483.3000026717782,142.94423542058587,13.447829884439667,125,True,0,False,0.047038430529427536
paris_bures,adaptive,27,slope_exp_beta_250_width_pop_light,nonlinear_high_elevation,full,0.10688990000198828,18117,16777,34204,True,30112.0,459.3000024482608,142.28905419766207,12.763516206163656,128,True,0,False,0.051406305348919545
paris_bures,adaptive,28,slope_exp_beta_8,nonlinear_high_elevation,full,0.11829239999497076,19814,18763,38228,True,25025.0,349.600000731647,203.88635364635365,16.691908091908093,65,True,0,False,0.995
paris_bures,adaptive,29,slope_exp_beta_400_width_light,nonlinear_high_elevation,full,0.10540050000417978,18149,16678,33970,True,28857.0,411.20000317692757,158.1631493225214,14.747028450635895,97,True,0,False,0.2286
paris_bures,adaptive,30,slope_exp_beta_16_width_pop,nonlinear_high_elevation,full,0.10219750000396743,17014,15996,32633,True,30103.0,356.4000009819865,213.89884729096767,14.30721190579012,84,True,0,False,0.4359999901801348
paris_bures,adaptive,31,adaptive_popularity_r1,hinge,full,0.09767140000622021,17621,16571,33856,True,30031.0,348.70000068843365,215.1658286437348,14.397622456794645,84,True,0,False,0.5129999931156636
paris_bures,adaptive,32,adaptive_popularity_r2,hinge,full,0.10837220000394154,19125,18021,36886,True,30372.0,350.50000062584877,218.338864743843,14.835703937837481,88,True,0,False,0.4949999937415123
paris_bures,adaptive,33,adaptive_popularity_r3,hinge,full,0.1160264999998617,20472,19306,39547,True,30722.0,362.3000007420778,226.9205455373999,15.121736866089448,86,True,0,False,0.37699999257922173
paris_bures,adaptive,34,adaptive_popularity_r4,hinge,full,0.12192740000318736,21260,20037,40988,True,30722.0,362.3000007420778,226.9205455373999,15.121736866089448,86,True,0,False,0.37699999257922173
paris_bures,adaptive,35,adaptive_popularity_r5,hinge,full,0.12949870000011288,21382,20187,41276,True,30722.0,362.3000007420778,226.9205455373999,15.121736866089448,86,True,0,False,0.37699999257922173
paris_bures,adaptive,36,adaptive_popularity_r6,hinge,full,0.12705980000464479,21464,20252,41404,True,30722.0,362.3000007420778,226.9205455373999,15.121736866089448,86,True,0,False,0.37699999257922173
paris_bures,adaptive,37,adaptive_popularity_r7,hinge,full,0.12276209999981802,21464,20252,41404,True,30722.0,362.3000007420778,226.9205455373999,15.121736866089448,86,True,0,False,0.37699999257922173
paris_bures,adaptive,38,adaptive_popularity_r8,hinge,full,0.12465299999894341,21464,20252,41404,True,30722.0,362.3000007420778,226.9205455373999,15.121736866089448,86,True,0,False,0.37699999257922173
paris_bures,adaptive,1,shortest_length,physical_length,certified,0.04804580000200076,15922,15064,30952,True,24973.0,337.70000053942204,200.7284267008369,16.52785007808433,66,True,0,False,1.0054
paris_bures,adaptive,2,pop_width_reference,hinge,certified,0.08784559999912744,15657,14749,30373,True,30157.0,358.9000013694167,212.90343867095532,14.247106807706336,87,True,0,False,0.41099998630583284
paris_bures,adaptive,3,hinge_width_strong,hinge,certified,0.08852359999582404,14936,14001,28858,True,30818.0,356.0000019222498,188.82662729573624,13.282010513336362,91,True,0,False,0.4399999807775021
paris_bures,adaptive,4,hinge_width_very_strong,hinge,certified,0.0791763000015635,14243,13331,27473,True,31301.0,366.8000017479062,188.12280757803265,13.339509919810869,89,True,0,False,0.33199998252093793
paris_bures,adaptive,5,hinge_pop_strong,hinge,certified,0.08778100000199629,15702,14736,30348,True,30031.0,348.70000068843365,215.1658286437348,14.397622456794645,84,True,0,False,0.5129999931156636
paris_bures,adaptive,6,hinge_pop_very_strong,hinge,certified,0.08824150000145892,15927,14962,30794,True,30372.0,350.50000062584877,218.338864743843,14.835703937837481,88,True,0,False,0.4949999937415123
paris_bures,adaptive,7,hinge_balanced_strong,hinge,certified,0.08177459999569692,14777,13803,28434,True,30106.0,351.50000078231096,214.53275094665514,14.358101375141167,83,True,0,False,0.4849999921768904
paris_bures,adaptive,8,hinge_low_length_pressure,hinge,certified,0.0819876999958069,14591,13614,28072,True,30180.0,355.7000011280179,213.67309476474486,14.279489728296886,86,True,0,False,0.442999988719821
paris_bures,adaptive,9,hinge_medium_length_pressure,hinge,certified,0.08728870000049938,15692,14732,30335,True,30031.0,348.70000068843365,215.1658286437348,14.397622456794645,84,True,0,False,0.5129999931156636
paris_bures,adaptive,10,hinge_high_length_pressure,hinge,certified,0.0867666000049212,15703,14793,30440,True,26030.0,318.70000087469816,207.47353054168266,15.70553207837111,73,True,0,False,0.8129999912530184
paris_bures,adaptive,11,width_linear_mild,width_linear,certified,0.09689470000012079,15621,14769,30356,True,25513.0,336.3000006452203,178.33430016070238,14.277623172500293,85,True,0,False,0.8974
paris_bures,adaptive,12,width_linear_strong,width_linear,certified,0.09700960000191117,15574,14663,30189,True,26755.0,340.9000019878149,187.679835544758,13.620818538590918,91,True,0,False,0.649
paris_bures,adaptive,13,pop_complement_mild,pop_complement,certified,0.07396049999806564,16002,15120,31091,True,25130.0,346.0000010430813,218.87369677676085,17.974930362116993,63,True,0,False,0.974
paris_bures,adaptive,14,pop_complement_strong,pop_complement,certified,0.07261279999511316,15798,14890,30679,True,25681.0,318.60000072419643,216.5632179432265,15.708889840738289,79,True,0,False,0.8638
paris_bures,adaptive,15,low_elevation_mild,low_elevation,certified,0.09276430000318214,15971,15105,31051,True,24980.0,329.0000005811453,205.330904723779,17.068454763811047,64,True,0,False,1.004
paris_bures,adaptive,16,low_elevation_strong,low_elevation,certified,0.09353689999989001,16060,15193,31231,True,24980.0,329.0000005811453,205.330904723779,17.068454763811047,64,True,0,False,1.004
paris_bures,adaptive,17,low_elevation_with_width_pop,low_elevation,certified,0.0895916000008583,15686,14767,30412,True,30103.0,356.4000009819865,213.89884729096767,14.30721190579012,84,True,0,False,0.4359999901801348
paris_bures,adaptive,18,high_elevation_weak_length,high_elevation,certified,0.09363619999930961,15837,14990,30789,True,24973.0,337.70000053942204,200.7284267008369,16.52785007808433,66,True,0,False,1.0054
paris_bures,adaptive,19,high_elevation_medium_length,high_elevation,certified,0.0945205000025453,15843,15000,30811,True,24973.0,337.70000053942204,200.7284267008369,16.52785007808433,66,True,0,False,1.0054
paris_bures,adaptive,20,high_elevation_strong_length,high_elevation,certified,0.09374789999856148,15876,15027,30873,True,24973.0,337.70000053942204,200.7284267008369,16.52785007808433,66,True,0,False,1.0054
paris_bures,adaptive,21,high_elevation_width,high_elevation,certified,0.09130400000140071,15522,14597,30026,True,27777.0,358.4000024572015,153.54789934118156,13.777225762321345,87,True,0,False,0.4446
paris_bures,adaptive,22,high_elevation_pop,high_elevation,certified,0.09504149999702349,16085,15200,31261,True,25130.0,346.0000010430813,218.87369677676085,17.974930362116993,63,True,0,False,0.974
paris_bures,adaptive,23,high_elevation_width_pop,high_elevation,certified,0.09237759999814443,15724,14797,30447,True,26030.0,318.70000087469816,207.47353054168266,15.70553207837111,73,True,0,False,0.8129999912530184
paris_bures,adaptive,24,slope_inverse_beta_5,nonlinear_high_elevation,certified,0.09439289999863831,15834,14979,30762,True,24973.0,337.70000053942204,200.7284267008369,16.52785007808433,66,True,0,False,1.0054
paris_bures,adaptive,25,slope_inverse_beta_12_width_pop,nonlinear_high_elevation,certified,0.09371530000498751,15600,14666,30211,True,30177.0,360.60000132769346,213.04066010537827,14.228717234980284,87,True,0,False,0.39399998672306535
paris_bures,adaptive,26,slope_exp_beta_150_width,nonlinear_high_elevation,certified,0.09367380000185221,15864,14655,30141,True,29768.0,483.3000026717782,142.94423542058587,13.447829884439667,125,True,0,False,0.047038430529427536
paris_bures,adaptive,27,slope_exp_beta_250_width_pop_light,nonlinear_high_elevation,certified,0.09345259999827249,15838,14631,30105,True,30112.0,459.3000024482608,142.28905419766207,12.763516206163656,128,True,0,False,0.051406305348919545
paris_bures,adaptive,28,slope_exp_beta_8,nonlinear_high_elevation,certified,0.09361359999456909,15797,14928,30646,True,25025.0,349.600000731647,203.88635364635365,16.691908091908093,65,True,0,False,0.995
paris_bures,adaptive,29,slope_exp_beta_400_width_light,nonlinear_high_elevation,certified,0.09443820000160486,16020,14688,30187,True,28857.0,411.20000317692757,158.1631493225214,14.747028450635895,97,True,0,False,0.2286
paris_bures,adaptive,30,slope_exp_beta_16_width_pop,nonlinear_high_elevation,certified,0.09256060000188882,15392,14442,29744,True,30103.0,356.4000009819865,213.89884729096767,14.30721190579012,84,True,0,False,0.4359999901801348
paris_bures,adaptive,31,adaptive_popularity_r1,hinge,certified,0.08811340000102064,15702,14736,30348,True,30031.0,348.70000068843365,215.1658286437348,14.397622456794645,84,True,0,False,0.5129999931156636
paris_bures,adaptive,32,adaptive_popularity_r2,hinge,certified,0.08946309999737423,15950,14986,30839,True,30372.0,350.50000062584877,218.338864743843,14.835703937837481,88,True,0,False,0.4949999937415123
paris_bures,adaptive,33,adaptive_popularity_r3,hinge,certified,0.08958659999916563,15978,15018,30897,True,30722.0,362.3000007420778,226.9205455373999,15.121736866089448,86,True,0,False,0.37699999257922173
paris_bures,adaptive,34,adaptive_popularity_r4,hinge,certified,0.09085070000583073,16069,15106,31082,True,30722.0,362.3000007420778,226.9205455373999,15.121736866089448,86,True,0,False,0.37699999257922173
paris_bures,adaptive,35,adaptive_popularity_r5,hinge,certified,0.09145210000133375,16063,15134,31110,True,30722.0,362.3000007420778,226.9205455373999,15.121736866089448,86,True,0,False,0.37699999257922173
paris_bures,adaptive,36,adaptive_popularity_r6,hinge,certified,0.09210760000132723,16065,15126,31091,True,30722.0,362.3000007420778,226.9205455373999,15.121736866089448,86,True,0,False,0.37699999257922173
paris_bures,adaptive,37,adaptive_popularity_r7,hinge,certified,0.09239430000161519,16065,15126,31091,True,30722.0,362.3000007420778,226.9205455373999,15.121736866089448,86,True,0,False,0.37699999257922173
paris_bures,adaptive,38,adaptive_popularity_r8,hinge,certified,0.09079620000557043,16065,15126,31091,True,30722.0,362.3000007420778,226.9205455373999,15.121736866089448,86,True,0,False,0.37699999257922173
paris_bures,adaptive,1,shortest_length,physical_length,geometric,0.02624389999982668,8988,8525,17355,True,25592.0,327.20000004023314,172.451430134417,20.966903719912473,46,True,0,False,0.8816
paris_bures,adaptive,2,pop_width_reference,hinge,geometric,0.05480820000229869,8872,8380,17102,True,31818.0,405.4000004827976,199.87063926079577,14.164938085360488,105,True,0,True,0.0
paris_bures,adaptive,3,hinge_width_strong,hinge,geometric,0.047960500000044703,8808,8277,16904,True,33104.0,411.3000008687377,178.94003745770902,13.214566215563075,110,True,0,True,0.0
paris_bures,adaptive,4,hinge_width_very_strong,hinge,geometric,0.047662400000263005,8686,8154,16677,True,33587.0,422.1000006943941,178.4262958882901,13.269121981719117,108,True,0,True,0.0
paris_bures,adaptive,5,hinge_pop_strong,hinge,geometric,0.050030999998853076,9154,8584,17517,True,31162.0,392.19999942183495,215.92616006674797,16.565528528335793,89,True,0,False,0.10436856855571956
paris_bures,adaptive,6,hinge_pop_very_strong,hinge,geometric,0.051797100000840146,9345,8775,17921,True,31503.0,393.99999935925007,218.9770498047805,16.96441608735676,93,True,0,False,0.13096107249045066
paris_bures,adaptive,7,hinge_balanced_strong,hinge,geometric,0.050128799994126894,9060,8480,17297,True,31767.0,397.9999998956919,201.3938363710769,14.269997166871281,101,True,0,False,0.020000001043081285
paris_bures,adaptive,8,hinge_low_length_pressure,hinge,geometric,0.04948580000200309,9093,8496,17339,True,32466.0,411.0000000745058,201.84272777675108,14.140485430912339,105,True,0,True,0.0
paris_bures,adaptive,9,hinge_medium_length_pressure,hinge,geometric,0.04922729999816511,8955,8429,17203,True,31268.0,382.4000005200505,206.48052321862608,14.625815530254574,97,True,0,False,0.17599999479949474
paris_bures,adaptive,10,hinge_high_length_pressure,hinge,geometric,0.0493650999997044,8985,8483,17312,True,31126.0,382.00000051409006,206.72579194242755,14.69366446057958,94,True,0,False,0.1799999948590994
paris_bures,adaptive,11,width_linear_mild,width_linear,geometric,0.05623829999967711,8953,8476,17247,True,28610.0,381.8999987691641,179.98794127927297,14.679482698357218,106,True,0,False,0.278
paris_bures,adaptive,12,width_linear_strong,width_linear,geometric,0.05556040000374196,8968,8439,17204,True,30922.0,388.4000010713935,191.42377595239634,13.463715154259104,107,True,0,False,0.1159999892860651
paris_bures,adaptive,13,pop_complement_mild,pop_complement,geometric,0.04217130000324687,9247,8747,17832,True,25798.0,330.90000012516975,179.1876114427475,21.414256919141017,43,True,0,False,0.8404
paris_bures,adaptive,14,pop_complement_strong,pop_complement,geometric,0.04092190000665141,9014,8500,17344,True,30373.0,384.50000024586916,213.16303954169823,15.11605702433082,96,True,0,False,0.15499999754130842
paris_bures,adaptive,15,low_elevation_mild,low_elevation,geometric,0.052116899998509325,9013,8542,17397,True,25592.0,327.20000004023314,172.451430134417,20.966903719912473,46,True,0,False,0.8816
paris_bures,adaptive,16,low_elevation_strong,low_elevation,geometric,0.052155500001390465,9071,8605,17546,True,25592.0,327.20000004023314,172.451430134417,20.966903719912473,46,True,0,False,0.8816
paris_bures,adaptive,17,low_elevation_with_width_pop,low_elevation,geometric,0.051281500003824476,8907,8404,17150,True,31764.0,402.90000009536743,200.79183981866262,14.221760483566301,102,True,0,True,0.0
paris_bures,adaptive,18,high_elevation_weak_length,high_elevation,geometric,0.052508300002955366,8952,8486,17264,True,25592.0,327.20000004023314,172.451430134417,20.966903719912473,46,True,0,False,0.8816
paris_bures,adaptive,19,high_elevation_medium_length,high_elevation,geometric,0.052032599996891804,8949,8493,17278,True,25592.0,327.20000004023314,172.451430134417,20.966903719912473,46,True,0,False,0.8816
paris_bures,adaptive,20,high_elevation_strong_length,high_elevation,geometric,0.052454900003795046,8959,8500,17294,True,25592.0,327.20000004023314,172.451430134417,20.966903719912473,46,True,0,False,0.8816
paris_bures,adaptive,21,high_elevation_width,high_elevation,geometric,0.05197389999375446,8861,8366,17021,True,32210.0,401.6000008508563,173.43675877056813,13.289195901893821,110,True,0,True,0.0
paris_bures,adaptive,22,high_elevation_pop,high_elevation,geometric,0.05465080000431044,9291,8783,17919,True,29333.0,341.1999989077449,230.24000272730373,20.946544847100537,46,True,0,False,0.5880000109225512
paris_bures,adaptive,23,high_elevation_width_pop,high_elevation,geometric,0.05212970000138739,8933,8413,17166,True,31126.0,382.00000051409006,206.72579194242755,14.69366446057958,94,True,0,False,0.1799999948590994
paris_bures,adaptive,24,slope_inverse_beta_5,nonlinear_high_elevation,geometric,0.052389700002095196,8952,8486,17265,True,25592.0,327.20000004023314,172.451430134417,20.966903719912473,46,True,0,False,0.8816
paris_bures,adaptive,25,slope_inverse_beta_12_width_pop,nonlinear_high_elevation,geometric,0.052051400001801085,8815,8303,16954,True,31838.0,407.10000044107437,200.0088887492933,14.147559520070356,105,True,0,True,0.0
paris_bures,adaptive,26,slope_exp_beta_150_width,nonlinear_high_elevation,geometric,0.05488310000509955,9004,8328,16954,True,32020.0,472.29999965429306,146.2937539038101,13.7158026233604,137,True,0,False,0.024708307307932578
paris_bures,adaptive,27,slope_exp_beta_250_width_pop_light,nonlinear_high_elevation,geometric,0.05325250000169035,8958,8291,16876,True,31077.0,431.2999996840954,152.39894455706792,13.491488882453261,127,True,0,True,0.0
paris_bures,adaptive,28,slope_exp_beta_8,nonlinear_high_elevation,geometric,0.05348769999545766,8949,8473,17243,True,25592.0,327.20000004023314,172.451430134417,20.966903719912473,46,True,0,False,0.8816
paris_bures,adaptive,29,slope_exp_beta_400_width_light,nonlinear_high_elevation,geometric,0.053360699996119365,9161,8411,17135,True,30791.0,402.4000006765127,161.72427007891918,15.457601247117664,111,True,0,False,0.03050674980784424
paris_bures,adaptive,30,slope_exp_beta_16_width_pop,nonlinear_high_elevation,geometric,0.05279799999698298,8893,8355,17057,True,31764.0,402.90000009536743,200.79183981866262,14.221760483566301,102,True,0,True,0.0
